millis,stamp,datetime,motion
21000, 2258018642, 2165/165/0 11:24:2, Inactive
21999, 2258018642, 2165/165/0 11:24:2, Inactive
22999, 2258018642, 2165/165/0 11:24:2, Inactive
23999, 2258018642, 2165/165/0 11:24:2, Inactive
24999, 2258018642, 2165/165/0 11:24:2, Inactive
25999, 2258018642, 2165/165/0 11:24:2, Inactive
26999, 2258018642, 2165/165/0 11:24:2, Inactive
27999, 2258018642, 2165/165/0 11:24:2, Inactive
28999, 2258018642, 2165/165/0 11:24:2, Inactive
29999, 2258018642, 2165/165/0 11:24:2, Inactive
30999, 2258018642, 2165/165/0 11:24:2, Active
32000, 2258018642, 2165/165/0 11:24:2, Active
32999, 2258018642, 2165/165/0 11:24:2, Active
33999, 2258018642, 2165/165/0 11:24:2, Inactive
34999, 2258018642, 2165/165/0 11:24:2, Inactive
35999, 2258018642, 2165/165/0 11:24:2, Inactive
36999, 2258018642, 2165/165/0 11:24:2, Inactive
37999, 2258018642, 2165/165/0 11:24:2, Active
38999, 2258018642, 2165/165/0 11:24:2, Active
39999, 2258018642, 2165/165/0 11:24:2, Active
40999, 2258018642, 2165/165/0 11:24:2, Inactive
41999, 2258018642, 2165/165/0 11:24:2, Inactive
42999, 2258018642, 2165/165/0 11:24:2, Inactive
43999, 2258018642, 2165/165/0 11:24:2, Active
44999, 2258018642, 2165/165/0 11:24:2, Active
45999, 2258018642, 2165/165/0 11:24:2, Active
46999, 2258018642, 2165/165/0 11:24:2, Inactive
48000, 2258018642, 2165/165/0 11:24:2, Inactive
48999, 2258018642, 2165/165/0 11:24:2, Inactive
49999, 2258018642, 2165/165/0 11:24:2, Active
50999, 2258018642, 2165/165/0 11:24:2, Active
51999, 2258018642, 2165/165/0 11:24:2, Active
52999, 2258018642, 2165/165/0 11:24:2, Inactive
53999, 2258018642, 2165/165/0 11:24:2, Inactive
55000, 2258018642, 2165/165/0 11:24:2, Inactive
55999, 2258018642, 2165/165/0 11:24:2, Inactive
56999, 2258018642, 2165/165/0 11:24:2, Inactive
57999, 2258018642, 2165/165/0 11:24:2, Inactive
58999, 2258018642, 2165/165/0 11:24:2, Inactive
59999, 2258018642, 2165/165/0 11:24:2, Active
60999, 2258018642, 2165/165/0 11:24:2, Active
61999, 2258018642, 2165/165/0 11:24:2, Active
62999, 2258018642, 2165/165/0 11:24:2, Inactive
64000, 2258018642, 2165/165/0 11:24:2, Inactive
64999, 2258018642, 2165/165/0 11:24:2, Inactive
65999, 2258018642, 2165/165/0 11:24:2, Inactive
66999, 2258018642, 2165/165/0 11:24:2, Active
67999, 2258018642, 2165/165/0 11:24:2, Active
68999, 2258018642, 2165/165/0 11:24:2, Active
69999, 2258018642, 2165/165/0 11:24:2, Inactive
70999, 2258018642, 2165/165/0 11:24:2, Inactive
71999, 2258018642, 2165/165/0 11:24:2, Inactive
72999, 2258018642, 2165/165/0 11:24:2, Inactive
73999, 2258018642, 2165/165/0 11:24:2, Inactive
74999, 2258018642, 2165/165/0 11:24:2, Inactive
75998, 2258018642, 2165/165/0 11:24:2, Inactive
76999, 2258018642, 2165/165/0 11:24:2, Inactive
77999, 2258018642, 2165/165/0 11:24:2, Active
78999, 2258018642, 2165/165/0 11:24:2, Active
80000, 2258018642, 2165/165/0 11:24:2, Active
80999, 2258018642, 2165/165/0 11:24:2, Inactive
81999, 2258018642, 2165/165/0 11:24:2, Inactive
82999, 2258018642, 2165/165/0 11:24:2, Inactive
83999, 2258018642, 2165/165/0 11:24:2, Inactive
85000, 2258018642, 2165/165/0 11:24:2, Inactive
85999, 2258018642, 2165/165/0 11:24:2, Inactive
86999, 2258018642, 2165/165/0 11:24:2, Inactive
87999, 2258018642, 2165/165/0 11:24:2, Inactive
88999, 2258018642, 2165/165/0 11:24:2, Inactive
89999, 2258018642, 2165/165/0 11:24:2, Inactive
90999, 2258018642, 2165/165/0 11:24:2, Inactive
91999, 2258018642, 2165/165/0 11:24:2, Inactive
92999, 2258018642, 2165/165/0 11:24:2, Inactive
93999, 2258018642, 2165/165/0 11:24:2, Inactive
94999, 2258018642, 2165/165/0 11:24:2, Inactive
96000, 2258018642, 2165/165/0 11:24:2, Inactive
96999, 2258018642, 2165/165/0 11:24:2, Inactive
97999, 2258018642, 2165/165/0 11:24:2, Inactive
98999, 2258018642, 2165/165/0 11:24:2, Inactive
99998, 2258018642, 2165/165/0 11:24:2, Inactive
100999, 2258018642, 2165/165/0 11:24:2, Inactive
101999, 2258018642, 2165/165/0 11:24:2, Inactive
102999, 2258018642, 2165/165/0 11:24:2, Inactive
103999, 2258018642, 2165/165/0 11:24:2, Inactive
104999, 2258018642, 2165/165/0 11:24:2, Inactive
105999, 2258018642, 2165/165/0 11:24:2, Inactive
106999, 2258018642, 2165/165/0 11:24:2, Inactive
107999, 2258018642, 2165/165/0 11:24:2, Inactive
108999, 2258018642, 2165/165/0 11:24:2, Inactive
110000, 2258018642, 2165/165/0 11:24:2, Inactive
110999, 2258018642, 2165/165/0 11:24:2, Inactive
112000, 2258018642, 2165/165/0 11:24:2, Inactive
112999, 2258018642, 2165/165/0 11:24:2, Inactive
113999, 2258018642, 2165/165/0 11:24:2, Inactive
114999, 2258018642, 2165/165/0 11:24:2, Inactive
115999, 2258018642, 2165/165/0 11:24:2, Inactive
116999, 2258018642, 2165/165/0 11:24:2, Inactive
117999, 2258018642, 2165/165/0 11:24:2, Inactive
118999, 2258018642, 2165/165/0 11:24:2, Inactive
119999, 2258018642, 2165/165/0 11:24:2, Inactive
120999, 2258018642, 2165/165/0 11:24:2, Inactive
121999, 2258018642, 2165/165/0 11:24:2, Inactive
122999, 2258018642, 2165/165/0 11:24:2, Inactive
123999, 2258018642, 2165/165/0 11:24:2, Inactive
124999, 2258018642, 2165/165/0 11:24:2, Inactive
125999, 2258018642, 2165/165/0 11:24:2, Inactive
126999, 2258018642, 2165/165/0 11:24:2, Inactive
128000, 2258018642, 2165/165/0 11:24:2, Inactive
128999, 2258018642, 2165/165/0 11:24:2, Inactive
129999, 2258018642, 2165/165/0 11:24:2, Inactive
130999, 2258018642, 2165/165/0 11:24:2, Inactive
132000, 2258018642, 2165/165/0 11:24:2, Inactive
132999, 2258018642, 2165/165/0 11:24:2, Inactive
133999, 2258018642, 2165/165/0 11:24:2, Inactive
134999, 2258018642, 2165/165/0 11:24:2, Inactive
136000, 2258018642, 2165/165/0 11:24:2, Inactive
136999, 2258018642, 2165/165/0 11:24:2, Inactive
137999, 2258018642, 2165/165/0 11:24:2, Inactive
138999, 2258018642, 2165/165/0 11:24:2, Inactive
139999, 2258018642, 2165/165/0 11:24:2, Inactive
140999, 2258018642, 2165/165/0 11:24:2, Inactive
142000, 2258018642, 2165/165/0 11:24:2, Active
142999, 2258018642, 2165/165/0 11:24:2, Active
144000, 2258018642, 2165/165/0 11:24:2, Active
144999, 2258018642, 2165/165/0 11:24:2, Inactive
145999, 2258018642, 2165/165/0 11:24:2, Inactive
146999, 2258018642, 2165/165/0 11:24:2, Inactive
147999, 2258018642, 2165/165/0 11:24:2, Inactive
148999, 2258018642, 2165/165/0 11:24:2, Active
149999, 2258018642, 2165/165/0 11:24:2, Active
150999, 2258018642, 2165/165/0 11:24:2, Active
151999, 2258018642, 2165/165/0 11:24:2, Inactive
152999, 2258018642, 2165/165/0 11:24:2, Inactive
153999, 2258018642, 2165/165/0 11:24:2, Inactive
154999, 2258018642, 2165/165/0 11:24:2, Inactive
155999, 2258018642, 2165/165/0 11:24:2, Active
156999, 2258018642, 2165/165/0 11:24:2, Active
158000, 2258018642, 2165/165/0 11:24:2, Active
158999, 2258018642, 2165/165/0 11:24:2, Inactive
160000, 2258018642, 2165/165/0 11:24:2, Inactive
160999, 2258018642, 2165/165/0 11:24:2, Inactive
161999, 2258018642, 2165/165/0 11:24:2, Inactive
162999, 2258018642, 2165/165/0 11:24:2, Inactive
163999, 2258018642, 2165/165/0 11:24:2, Active
164999, 2258018642, 2165/165/0 11:24:2, Active
165999, 2258018642, 2165/165/0 11:24:2, Active
166999, 2258018642, 2165/165/0 11:24:2, Inactive
167999, 2258018642, 2165/165/0 11:24:2, Inactive
168999, 2258018642, 2165/165/0 11:24:2, Inactive
169999, 2258018642, 2165/165/0 11:24:2, Inactive
170999, 2258018642, 2165/165/0 11:24:2, Inactive
171999, 2258018642, 2165/165/0 11:24:2, Inactive
172999, 2258018642, 2165/165/0 11:24:2, Inactive
173999, 2258018642, 2165/165/0 11:24:2, Active
174999, 2258018642, 2165/165/0 11:24:2, Active
176000, 2258018642, 2165/165/0 11:24:2, Active
176999, 2258018642, 2165/165/0 11:24:2, Inactive
177999, 2258018642, 2165/165/0 11:24:2, Inactive
178999, 2258018642, 2165/165/0 11:24:2, Inactive
179998, 2258018642, 2165/165/0 11:24:2, Active
180999, 2258018642, 2165/165/0 11:24:2, Active
181999, 2258018642, 2165/165/0 11:24:2, Active
182999, 2258018642, 2165/165/0 11:24:2, Active
183999, 2258018642, 2165/165/0 11:24:2, Inactive
184999, 2258018642, 2165/165/0 11:24:2, Inactive
185999, 2258018642, 2165/165/0 11:24:2, Inactive
186999, 2258018642, 2165/165/0 11:24:2, Inactive
187999, 2258018642, 2165/165/0 11:24:2, Inactive
188999, 2258018642, 2165/165/0 11:24:2, Inactive
189999, 2258018642, 2165/165/0 11:24:2, Inactive
190999, 2258018642, 2165/165/0 11:24:2, Inactive
192000, 2258018642, 2165/165/0 11:24:2, Active
192999, 2258018642, 2165/165/0 11:24:2, Active
193999, 2258018642, 2165/165/0 11:24:2, Active
194999, 2258018642, 2165/165/0 11:24:2, Inactive
195999, 2258018642, 2165/165/0 11:24:2, Inactive
196999, 2258018642, 2165/165/0 11:24:2, Active
197999, 2258018642, 2165/165/0 11:24:2, Active
198999, 2258018642, 2165/165/0 11:24:2, Active
199998, 2258018642, 2165/165/0 11:24:2, Active
200999, 2258018642, 2165/165/0 11:24:2, Inactive
201999, 2258018642, 2165/165/0 11:24:2, Inactive
202999, 2258018642, 2165/165/0 11:24:2, Active
204000, 2258018642, 2165/165/0 11:24:2, Active
204999, 2258018642, 2165/165/0 11:24:2, Active
206000, 2258018642, 2165/165/0 11:24:2, Inactive
206999, 2258018642, 2165/165/0 11:24:2, Inactive
208000, 2258018642, 2165/165/0 11:24:2, Inactive
208999, 2258018642, 2165/165/0 11:24:2, Active
209999, 2258018642, 2165/165/0 11:24:2, Active
210999, 2258018642, 2165/165/0 11:24:2, Active
211999, 2258018642, 2165/165/0 11:24:2, Inactive
212999, 2258018642, 2165/165/0 11:24:2, Inactive
213999, 2258018642, 2165/165/0 11:24:2, Inactive
214999, 2258018642, 2165/165/0 11:24:2, Inactive
215999, 2258018642, 2165/165/0 11:24:2, Inactive
216999, 2258018642, 2165/165/0 11:24:2, Inactive
217999, 2258018642, 2165/165/0 11:24:2, Inactive
218999, 2258018642, 2165/165/0 11:24:2, Active
219999, 2258018642, 2165/165/0 11:24:2, Active
220999, 2258018642, 2165/165/0 11:24:2, Active
221999, 2258018642, 2165/165/0 11:24:2, Inactive
222999, 2258018642, 2165/165/0 11:24:2, Inactive
224000, 2258018642, 2165/165/0 11:24:2, Inactive
224999, 2258018642, 2165/165/0 11:24:2, Inactive
225999, 2258018642, 2165/165/0 11:24:2, Inactive
226999, 2258018642, 2165/165/0 11:24:2, Inactive
227999, 2258018642, 2165/165/0 11:24:2, Active
228999, 2258018642, 2165/165/0 11:24:2, Active
229999, 2258018642, 2165/165/0 11:24:2, Active
231000, 2258018642, 2165/165/0 11:24:2, Inactive
231999, 2258018642, 2165/165/0 11:24:2, Inactive
232999, 2258018642, 2165/165/0 11:24:2, Inactive
233999, 2258018642, 2165/165/0 11:24:2, Inactive
234999, 2258018642, 2165/165/0 11:24:2, Inactive
235999, 2258018642, 2165/165/0 11:24:2, Inactive
236999, 2258018642, 2165/165/0 11:24:2, Inactive
237999, 2258018642, 2165/165/0 11:24:2, Inactive
238999, 2258018642, 2165/165/0 11:24:2, Inactive
239998, 2258018642, 2165/165/0 11:24:2, Inactive
240999, 2258018642, 2165/165/0 11:24:2, Inactive
241999, 2258018642, 2165/165/0 11:24:2, Active
242999, 2258018642, 2165/165/0 11:24:2, Active
243999, 2258018642, 2165/165/0 11:24:2, Active
244999, 2258018642, 2165/165/0 11:24:2, Inactive
245999, 2258018642, 2165/165/0 11:24:2, Inactive
246999, 2258018642, 2165/165/0 11:24:2, Inactive
247999, 2258018642, 2165/165/0 11:24:2, Inactive
248999, 2258018642, 2165/165/0 11:24:2, Inactive
249999, 2258018642, 2165/165/0 11:24:2, Active
250999, 2258018642, 2165/165/0 11:24:2, Active
251999, 2258018642, 2165/165/0 11:24:2, Active
252999, 2258018642, 2165/165/0 11:24:2, Inactive
253999, 2258018642, 2165/165/0 11:24:2, Inactive
254999, 2258018642, 2165/165/0 11:24:2, Inactive
256000, 2258018642, 2165/165/0 11:24:2, Active
256999, 2258018642, 2165/165/0 11:24:2, Active
257999, 2258018642, 2165/165/0 11:24:2, Active
258999, 2258018642, 2165/165/0 11:24:2, Active
259999, 2258018642, 2165/165/0 11:24:2, Inactive
260999, 2258018642, 2165/165/0 11:24:2, Inactive
261999, 2258018642, 2165/165/0 11:24:2, Inactive
263000, 2258018642, 2165/165/0 11:24:2, Active
263999, 2258018642, 2165/165/0 11:24:2, Active
264998, 2258018642, 2165/165/0 11:24:2, Active
265999, 2258018642, 2165/165/0 11:24:2, Inactive
266999, 2258018642, 2165/165/0 11:24:2, Inactive
267999, 2258018642, 2165/165/0 11:24:2, Inactive
268999, 2258018642, 2165/165/0 11:24:2, Active
270000, 2258018642, 2165/165/0 11:24:2, Active
270999, 2258018642, 2165/165/0 11:24:2, Active
272000, 2258018642, 2165/165/0 11:24:2, Inactive
272999, 2258018642, 2165/165/0 11:24:2, Inactive
273999, 2258018642, 2165/165/0 11:24:2, Inactive
274999, 2258018642, 2165/165/0 11:24:2, Active
275999, 2258018642, 2165/165/0 11:24:2, Active
276999, 2258018642, 2165/165/0 11:24:2, Inactive
277999, 2258018642, 2165/165/0 11:24:2, Inactive
278999, 2258018642, 2165/165/0 11:24:2, Inactive
279999, 2258018642, 2165/165/0 11:24:2, Inactive
280999, 2258018642, 2165/165/0 11:24:2, Inactive
281999, 2258018642, 2165/165/0 11:24:2, Active
282999, 2258018642, 2165/165/0 11:24:2, Active
283999, 2258018642, 2165/165/0 11:24:2, Active
284999, 2258018642, 2165/165/0 11:24:2, Inactive
285999, 2258018642, 2165/165/0 11:24:2, Inactive
286999, 2258018642, 2165/165/0 11:24:2, Inactive
288000, 2258018642, 2165/165/0 11:24:2, Active
288999, 2258018642, 2165/165/0 11:24:2, Active
289999, 2258018642, 2165/165/0 11:24:2, Active
290999, 2258018642, 2165/165/0 11:24:2, Inactive
291999, 2258018642, 2165/165/0 11:24:2, Inactive
293000, 2258018642, 2165/165/0 11:24:2, Inactive
293999, 2258018642, 2165/165/0 11:24:2, Active
294999, 2258018642, 2165/165/0 11:24:2, Active
295999, 2258018642, 2165/165/0 11:24:2, Active
296999, 2258018642, 2165/165/0 11:24:2, Inactive
297999, 2258018642, 2165/165/0 11:24:2, Inactive
298999, 2258018642, 2165/165/0 11:24:2, Inactive
299999, 2258018642, 2165/165/0 11:24:2, Active
300999, 2258018642, 2165/165/0 11:24:2, Active
